ACSL5	s_754	CAGACACAGCGAGTCCTCTT	23.09596301	26.64183201	24.54762699	28.76768423	17.98477032	20.79604621	21.66480158	4.872523338	5.693739077
AGPAT6	s_1537	CTCACGGTCCTGTGGGGGTT	14.80997688	26.07658121	21.72392868	20.89722596	27.44295615	23.48572641	20.38656643	10.09456238	5.088095325
ALAS2	s_1901	TATTGGACGCTGTCCCATCC	15.2903239	30.29026903	38.16188671	30.97848712	33.70400874	35.10514483	34.80221839	10.32926077	9.630423464
ALB	s_1904	GCTGCAAGTCAAGCTGCCTT	9.76633315	12.81888049	11.23590638	12.84990346	12.98924964	9.786288627	11.15486813	3.581682225	2.71599063
ALG10B	s_2000	AGCAGGAATGGCGCAGCTAG	8.325292084	4.083186214	6.748242992	6.129062693	4.729988777	4.191753828	4.124574809	1.645420556	1.201881251
ANAPC10	s_2302	GGTGTTTTTAGGATTTGGAG	7.124424529	3.106843913	1.705924578	3.210802885	2.731780503	1.932422467	1.994182894	1.821444344	3.119753132
ANKRD13D	s_2486	CCTTCGACACAATGCCAACG	18.05231928	17.75197843	15.9252625	14.44168154	15.38709957	13.08562966	13.07222085	3.346983841	3.069282819
AP1M1	s_2792	ACGGGGGGGTCCGTTTCATG	11.68772124	10.14678577	9.420671751	7.986137116	7.993728956	9.069040576	7.888267193	4.461801166	3.119753132
APOL3	s_3066	CGCAGTCACGAATCTCTTCC	27.29899945	30.29026903	23.03493147	33.10085789	28.84170194	27.03610426	27.77192507	9.097094252	6.602204705
ATP1B2	s_4298	GTTCGTAATAGCGTCCAGGG	6.523990752	7.577463923	8.109668963	6.836519616	13.32228435	9.355939796	10.08967217	4.520475762	2.917871881
BCAS2	s_5106	TTGAATTGCTCAGTATGAAA	7.244511285	3.98041334	5.185124283	4.891013077	3.864098525	4.514515451	3.911535618	2.408190305	1.252351563
BOK	s_5616	GCCCCGCGGCCACCGCATAC	11.08728746	13.33274486	14.56383653	12.76147135	13.65531906	11.47182155	11.58094651	4.69649955	5.441387514
BOP1	s_5635	GGACGGAGCCCTTGATGACG	8.68555235	9.427375652	7.050782096	6.659655385	9.259260863	6.307635579	7.959280257	2.349515709	1.95893594
BTNL8	s_5986	GCTCAGATGAGCATGCCGCA	41.82949686	61.37906336	57.82692852	70.24234636	56.55019	54.43497981	53.33662806	16.78346633	17.95802505
C17orf62	s_6775	AGTTCTGCACAGCCACAAAC	24.29683056	8.245487603	12.29479325	6.305926924	5.995520683	10.61112389	13.35627311	3.346983841	2.665520318
C3orf14	s_7781	GGGTGATCAACACACAGAAA	6.403903996	4.442891272	4.52962289	5.333173654	4.596774892	3.833129802	4.124574809	2.290841113	2.059876566
C8orf22	s_8325	AGAACTAACTGAAGAAACAC	29.70073456	12.30501612	15.47145385	16.47562019	17.3187009	15.30909862	14.77653439	3.757706013	2.261757816
CCDC107	s_9452	CGCTCGCGTTGATCCTTGAG	32.46272993	41.08142078	38.76696492	44.33173654	37.23417669	36.25274172	38.77894997	13.08696678	12.40629066
CD52	s_10451	CAGATACAAACTGGACTCTC	5.082949686	4.083186214	6.092741598	8.516729809	8.260156726	5.016589087	5.047744639	2.290841113	2.160817191
CDKL3	s_10934	CGCACTTCTTCACAATCTAT	24.89726434	14.97711084	14.26129743	16.29875596	9.658902517	12.29665681	14.42146907	2.701563285	1.555173439
CEMP1	s_11177	GTTCTCAGCCGATGTGTTAG	8.085118573	12.9730398	9.118132646	13.02676769	6.062127626	27.43059069	27.77192507	3462.683817	4326.961909
CHRAC1	s_11780	TTTAGGAGTCAGCTTCATCA	10.72702719	10.35233152	8.3113617	12.84990346	7.26105259	6.666259604	8.598397832	2.290841113	2.009406253
CNOT4	s_12691	ACCAGATTTGCCGATTTTGT	80.85769239	92.82756274	105.4264143	102.9622291	98.97881233	88.21736303	95.23433573	38.02367009	36.93486261
COL17A1	s_12885	TAGTTACTTACTTGGTGGTA	13.48902257	17.2895005	15.06806837	16.12189173	10.45818583	15.91875946	10.16068524	3.757706013	3.876807821
COL3A1	s_12934	CCATCTTGGTCAGTCCTATG	25.61778487	25.20301178	29.23698312	26.291585	31.83901435	29.83337166	28.48205571	9.742514808	7.308789082
COX8C	s_13263	CTCAACTCACCGCGGCAGAC	10.24668017	8.862124846	6.899512544	10.55066846	5.396058201	8.136618109	6.894084299	1.762769748	2.766460943
CTDSP1	s_14124	CGCAGATCTTGTCTGAGTCC	29.82082131	28.54313018	29.03529038	34.07361116	35.90203784	31.66235419	31.89068277	8.97974506	6.602204705
CXXC1	s_14451	ACGCCGATTCCATGAGCTTG	17.09162523	21.96566625	16.12695524	14.26481731	15.18727874	13.08562966	17.11996549	2.760237881	4.886214074
DCAF10	s_15068	TTTATGTGCTTTGAAGATAT	7.36459804	7.063599554	6.092741598	7.897705001	3.46445687	7.275920448	5.61584915	2.056142729	2.009406253
DCTN1	s_15245	CAGATCCAGGTATTTGAAGA	20.81431465	7.885782545	8.412208068	10.10850789	8.326763669	7.455232461	10.87081587	2.701563285	3.573985945
DDX11	s_15359	TCACCTTTAGTCGGTCCACC	93.94714874	104.1839653	99.72859454	100.2208335	101.1102345	88.57598705	100.3472763	34.67921812	36.17780792
DENND1A	s_15631	TGAGCACGAATGTGAAGTTC	22.73570274	33.52761456	32.91787556	28.85611635	29.97401996	32.95340068	26.9197683	15.08190305	9.93324534
EAPP	s_17275	ATATCATCGTAGTACCTTGT	16.73136497	11.79115175	13.05114101	14.53011366	13.85513989	12.1532072	15.55767809	5.517943894	2.816931256
EIF4G1	s_17873	AGTCGGAAGCCCCTGGCCAG	18.65275305	10.91758232	10.47955862	8.163001347	9.72550946	14.52012577	12.93019473	3.699031417	2.564579692
ERG	s_18628	GGACATGATTCAGACTGTCC	34.02385776	35.42891272	30.74967864	27.61806673	32.77151154	32.88167588	36.86159724	10.79865754	13.92040004
FAM126A	s_19382	ATAGGAAATAGTTGACAAAC	4.482515909	4.031799777	4.075814232	2.591778077	1.199820827	2.828982531	3.130391915	1.176023788	1.302821876
FAM169B	s_19575	GCTAAAATCCTGTGGAGACG	5.683383464	6.190030127	6.84908936	9.047322501	7.594087302	5.554525125	5.544836086	1.058674596	1.201881251
FAM71E1	s_20115	AGGTAGCGTTGGAGCCGTCT	8.68555235	10.40371795	9.672787671	9.931643655	13.38889129	11.43595914	11.22588119	3.405658437	2.867401568
FGF7	s_20955	CTGATGCATATGTGTTGTAA	9.406072883	9.016284156	8.664323989	10.55066846	8.193549784	11.40009674	8.953463151	3.288309245	1.807525002
FOXA2	s_21405	AAGGGCACGAGCCGTCCGAC	14.32962986	19.2421851	18.44642171	18.68642308	20.98208273	14.48426336	18.11414839	3.640356821	3.170223444
GRHL3	s_24067	ATATTGTCCTCCAGCACTGG	51.31635054	44.52431205	41.43939368	41.7672052	42.16309043	45.07489275	39.20502835	18.25033123	17.60473286
GRIA3	s_24082	CATACACCCCTCTCGAGAAC	27.89943323	18.21445636	20.96758092	19.74760846	19.51673	20.25811017	18.82427903	8.862395868	9.529482839
HEBP1	s_24996	CCCCGCATACTTTGCGACCT	26.33830541	31.72908927	31.80856551	30.62475866	34.70311288	34.88997042	29.54725167	10.97468133	10.1855969
HRG	s_26070	TCTTTACTTACTATTTCAGA	4.962862931	2.438820233	2.663965076	1.088432115	2.465352734	1.681385649	1.994182894	1.117349192	1.050470313
IL7R	s_27361	TTCCTACAGTGGGGCCCTCG	10.72702719	13.02442623	12.7486019	8.516729809	13.32228435	9.606976614	7.959280257	2.877587073	3.826337509
ILDR1	s_27371	GCTGAGTAGTAGTCAAAGAT	21.29466168	16.36454463	17.38753484	13.55736039	17.3187009	17.38911797	15.41565196	3.992404398	6.501264079
INTS12	s_27628	TATTTTGGGCTCTTGCTTAA	13.1287623	20.68100533	15.06806837	12.93833558	16.18638288	16.3849707	18.89529209	108.9025821	90.88762684
INTS8	s_27654	CCAACTTACACACTTAACTG	19.37327359	3.106843913	4.378353337	3.033938654	1.53285554	3.080019348	2.491274341	1.58674596	1.100940625
KCNV2	s_28869	AAGCCTGTGCGACGACTACG	9.406072883	9.427375652	8.3113617	8.693594039	11.79032468	6.020736358	8.811437023	1.645420556	1.201881251
KIF1B	s_29420	CAATTCTCGAGAGACCAGCA	19.85362061	25.10023891	24.95101246	26.38001712	22.84707712	20.43742219	23.29810205	4.637824954	6.198442204
KIF2C	s_29476	TAATTCACAGTGCCAATGTA	15.41041066	12.51056187	11.38717593	12.40774289	11.32407608	9.750426225	10.58676362	2.114817325	2.160817191
KLHL29	s_29777	CGTGTCCACACTGCCCGGTG	9.526159639	11.53421956	14.46299016	5.598470001	19.45012306	11.83044557	12.57512941	2.994936265	3.775867196
KRTAP21-1	s_30250	TTCCATAACCACAGCCATAA	12.64841528	10.1981722	11.08463683	10.99282904	7.727301187	11.07733512	12.7881686	4.461801166	4.381510948
KYNU	s_30343	GGTGGCTCTCCACCTAGATG	11.68772124	10.81480945	15.01764519	15.50286692	12.4563941	11.79458317	12.22006409	5.28324551	4.633862511
LATS1	s_30569	GGCAACCTAACATACCAGTG	5.563296708	7.62885036	10.47955862	7.543976539	11.65711079	6.522809994	6.325979789	2.349515709	4.028218759
LHFPL4	s_30958	CCGGCAAACAGACCTGCTGC	9.886419905	10.50649083	11.03421364	12.05401442	11.9901455	9.642839017	7.533201874	4.227102782	4.532921886
LIN7B	s_31110	TGGCGCCGACATGGCTGCGC	16.01084443	15.02849727	14.6646829	16.74091654	19.84976471	20.04293576	23.29810205	6.574086623	9.075250025
LIPK	s_31162	CAGATAGTGGTTATGACGTG	6.403903996	8.964897719	7.10120528	12.76147135	3.864098525	7.526957266	6.041927533	2.232166517	2.51410938
LIPT1	s_31174	AGGAACAGTCTACCATGATA	9.045812617	5.3164607	5.084277915	2.503345962	3.99731241	4.08416662	3.982548682	1.352047576	1.504703127
LRTOMT	s_31914	CCCGACTTTGAACGCTTCAG	28.61995376	19.75604947	22.88366192	21.42781866	18.51762586	17.38911797	22.87202366	10.97468133	7.409729707
MCCD1	s_33121	GAAGATGACGTCCCCTCCCA	14.08945635	13.64106348	10.98379046	8.782026155	14.52120932	10.93388551	11.72297264	6.456737431	3.119753132
MRPS36	s_34892	TACAACTCACCATTGGGTTT	16.25101795	19.2421851	23.79127923	16.82934866	18.45101892	18.17809083	15.98375647	4.461801166	4.028218759
MS4A3	s_34953	TATCCCTGCTACAACAGACA	23.57631003	18.72832073	19.55573176	21.51625077	24.31242985	21.47743186	13.14323392	4.931197934	3.725396883
MTMR1	s_35249	TTTACCTGTCCGTTAGAAAG	11.20737422	9.375989215	10.27786588	8.074569232	10.19175806	9.320077394	7.675228002	2.173491921	2.917871881
MUS81	s_35436	AGAGCACCAGCAGTATCACT	11.32746097	8.862124846	8.866016725	9.666347309	6.328555395	8.674554148	9.521567662	2.818912477	1.857995315
NADSYN1	s_35985	ATACAGGCTTGGACCAGAGC	13.60910932	8.45103335	13.20241056	9.224186732	12.85603575	9.391802199	12.14905102	6.046015259	3.321634382
NCDN	s_36240	GTGTGCCTGCTACAGCCGTC	16.25101795	16.05622601	19.50530858	21.693115	17.25209396	17.56842998	17.11996549	7.923602332	4.886214074
NEMF	s_36714	GCCGTCTAGTTTTGCCATGA	5.803470219	6.241416564	5.538086572	7.543976539	7.061231762	3.546230582	5.331796895	2.701563285	2.463639067
NFE2L1	s_36841	ACAATTACTTCACTGCCCGG	7.604771551	6.292803001	5.891048861	6.129062693	4.396954065	4.550377853	5.970914469	2.173491921	2.413168754
NPAS2	s_37603	GAGCTCAGTTCCATGCTCCC	19.49336034	26.43628627	27.47217167	17.18307712	21.78136604	23.3781392	24.00823269	5.752642278	6.854556268
NXF1	s_38444	ATACCACCCGACCTAACCGT	15.41041066	8.348260477	7.252474833	8.251433462	4.663381834	6.415222787	8.101306385	3.170960053	2.71599063
O3FAR1	s_38518	ACATCCCACGAGATCTCTCC	60.3228572	59.37499232	51.87699279	62.10659174	51.55466931	51.09977638	50.63813163	20.30394209	18.31131724
O3FAR1	s_38519	CCTGCTGGGACACGCGGATC	5.803470219	10.04401289	10.12659633	3.564531346	7.460873417	5.375213112	8.953463151	2.525539497	3.372104695
PDE4DIP	s_40974	CCACAGAGATTATTTTGCAG	17.69205901	16.77563613	17.58922758	21.78154712	14.25478155	14.16150174	11.7939857	5.341920106	5.239506263
PGAM5	s_41451	GATGATATCGGTGGTCTCTA	12.52832853	15.79929383	13.65621922	15.50286692	14.58781626	12.87045525	12.50411634	5.341920106	6.753615643
PHEX	s_41602	CTTCTCATAGGATTTCCAGC	11.44754773	12.87026692	10.42913543	14.53011366	19.0504814	7.526957266	6.041927533	3.288309245	2.362698442
PIK3R1	s_41964	AATGATCGATGTGCACGTTT	16.13093119	20.57823246	25.70736023	16.91778077	23.31332572	17.28153076	16.9069263	7.102157987	7.561140645
PLCL2	s_42402	CATTTTCAATCAACGCCTTG	11.92789475	11.22590094	14.21087424	12.31931077	13.92174683	11.97389518	15.98375647	5.693967682	3.069282819
PLXDC2	s_42678	CTTCCTACGTGAAATCACTG	15.89075768	11.48283313	9.269402198	8.339865578	7.194445647	8.997315771	8.669410896	2.349515709	2.261757816
PPEF1	s_43347	TCTTTTTTTGATCTTCTACA	34.14394451	13.33274486	13.55537285	14.44168154	17.45191478	10.61112389	13.14323392	5.28324551	5.845150015
PRKAG2	s_44078	TAGATACTATAAATCACCTA	12.40824177	6.446962311	4.580046074	5.952198462	6.261948453	4.765552269	4.905718512	1.410722172	1.555173439
PROC	s_44230	AACGCACTCACCGACGTGCT	13.1287623	19.65327659	16.53034071	19.21701577	19.45012306	19.72017414	18.75326596	5.987340663	5.138565638
PRPF6	s_44332	ACCCTACGAGAAAGATGATG	10.12659342	3.055457476	4.52962289	3.12237077	5.795699856	5.411075515	7.746241065	24.00044164	8.873368774
PSMD3	s_44793	CATGCCGAAGCGTAGCTGTC	9.76633315	9.838467147	10.42913543	11.16969327	9.72550946	7.491094863	9.663593789	3.288309245	2.816931256
PSME2	s_44819	CACTCACATAGAAGGCCCTC	12.64841528	8.656579098	12.09310051	6.924951732	11.79032468	10.93388551	9.592580726	3.170960053	3.018812506
RASD1	s_46176	GGACAACCGCGACTCCTTCG	18.77283981	24.48360166	26.21159207	26.55688135	29.77419913	20.18638537	22.58797141	9.683840212	8.721957836
RASSF1	s_46247	CATCTTGCAGGACGAGCCTG	10.36676693	12.61333474	9.975326776	11.70028596	8.060335899	11.43595914	10.08967217	4.755174146	4.280570323
RBMS3	s_46520	TGGAAAAATTGTATCTACAA	28.01951998	17.44365981	17.23626529	17.89053404	16.71923842	14.34081375	13.14323392	4.637824954	5.037625012
RELL1	s_46770	GCGGACCCCGGGAGTGCCCG	11.20737422	8.656579098	7.000358912	11.78871808	7.727301187	7.347645253	7.036110427	2.701563285	2.261757816
RFC3	s_46881	TGTATTCTACGTGAACTTTA	17.57197226	8.29687404	9.017286278	10.81596481	4.996416546	12.36838161	10.87081587	2.936261669	4.886214074
RP11-1280I22.1	s_47899	CTGGTAAGCCACAGCTCTGC	7.604771551	9.11905703	10.98379046	8.605161924	8.859619208	9.535251809	11.43892039	3.640356821	2.615050005
RP11-24B21.1	s_47919	CTAGACCACTTTCTAGATGA	18.05231928	13.64106348	12.34521643	11.96558231	18.5842328	12.1532072	10.51575056	2.642888689	3.826337509
SERPINB3	s_49999	CAAGTCACAGAGAACACCAC	13.72919608	11.53421956	14.11002788	19.48231212	11.45728996	13.5877033	12.71715553	5.86999147	5.390917201
SH2D1B	s_50372	ACAGGTCTTTCCAAGCCTAA	4.842776175	3.466548971	3.269043286	5.42160577	4.929809604	3.761404997	3.059378852	1.528071364	1.706584377
SLC17A9	s_51142	TGGGCAGTTACCGATCCCCG	7.844945062	9.427375652	8.361784884	8.163001347	11.05764831	8.387654927	7.46218881	1.997468133	1.95893594
SLC30A5	s_51656	CAGTTTCCCACTAGTTTCCT	14.44971661	18.77970717	23.99297197	23.01959673	16.18638288	17.71187959	21.59378852	5.928666067	5.74420939
SLC44A2	s_51950	GTTTTTCCGCTCGTCCTCCA	6.884251018	9.530148525	7.302898017	7.809272886	8.326763669	8.531104538	8.101306385	2.466864901	4.381510948
SMUG1	s_52674	CGAGTCACGTAGTTGCGATG	17.81214577	14.41186003	13.35368011	17.80210193	16.3862037	12.94218005	14.27944294	5.400594702	4.381510948
SNX20	s_52926	GATCGCTTCAGCTCGCATCG	39.90810877	42.16053596	45.92705707	42.29779789	48.95699856	46.15076482	49.7149618	15.90334739	14.37463285
SPATA22	s_53349	AATTCAGCTCGAAGTACAGC	28.74004051	23.45587293	26.36286162	18.2442625	26.5770659	19.86362375	27.20382056	10.85733213	9.125720338
STMN1	s_54449	CTATTCACCATGGCTTCTTC	45.67227304	30.08472329	35.74157387	26.11472077	37.16756975	35.60721847	29.4762386	14.72985547	9.327601588
STX8	s_54596	GCAGGATGGCACCGGACCCC	12.52832853	8.245487603	8.765170357	12.76147135	7.793908129	7.885581292	7.249149619	1.997468133	2.917871881
TAC1	s_55161	TTAATGGGCAAACGGGATGC	24.77717758	21.24625614	22.22816052	16.29875596	24.04600208	17.17394355	19.03731822	5.224570914	4.23010001
TAF4	s_55266	CGTCCAGATCTCCACCGTAC	20.81431465	27.15569638	23.74085605	23.55018943	20.98208273	24.45401127	21.30973626	3.875055205	6.097501578
TAF9B	s_55304	GAATCACAGAGTATGAACCA	12.52832853	12.35640255	9.874480408	7.455544424	13.12246352	11.22078473	9.024476215	1.997468133	3.372104695
TEX13B	s_56164	GCTAACCGAGACCAGCCTTG	19.97370737	23.09616787	22.02646778	22.40057193	20.91547579	24.13124965	20.74163175	8.510348292	9.17619065
THBD	s_56467	GCCGCCGTCTCGATCACCTA	8.325292084	7.217758865	7.151628465	5.244741539	5.995520683	8.42351733	5.260783831	1.352047576	1.656114065
THEG	s_56484	GCGAGCTGGGGACTGCCATT	11.32746097	18.06029705	16.37907116	14.88384212	11.05764831	13.33666648	12.7881686	3.112285457	3.220693757
TLR4	s_56830	TATAGCTGCCTAAATGCCTC	9.045812617	10.35233152	10.88294409	12.93833558	9.525688633	6.271773176	10.44473749	2.877587073	2.71599063
TMEM178	s_57351	CCACAATGCAGCCGCAGAGA	5.803470219	4.853982767	4.075814232	4.183556154	7.327659532	3.94071701	5.260783831	2.056142729	2.261757816
TMEM74	s_57782	TCATCTCTTACATCGTCCCA	23.69639678	25.87103546	28.27894262	21.60468289	29.30795054	24.27469926	25.71254622	10.09456238	9.277131276
TNFRSF12A	s_58067	ACCGCACAGCGACTTCTGCC	11.92789475	11.9966975	9.420671751	14.44168154	10.59139971	12.72700564	9.379541534	4.637824954	4.633862511
TRPV4	s_59251	TGGAACTTCATGCGCAGATT	16.49119146	19.96159522	18.04303624	20.36663327	23.71296737	22.0153679	20.03150111	7.923602332	8.721957836
TSPYL6	s_59459	CCGGCGCCACATGATTAGAG	6.283817241	6.344189438	7.807129858	10.72753269	4.929809604	4.801414671	5.828888342	1.645420556	1.555173439
ZFYVE19	s_63088	CTAGGCGCTCAGCAATCATC	45.67227304	44.11322056	47.89356125	54.14770135	51.15502766	56.26396235	54.54385014	20.53864048	16.19156411
ZNF519	s_64074	CTTTAGTCAATCACATCTAA	19.97370737	9.375989215	8.462631252	10.37380423	9.392474748	11.07733512	8.953463151	5.693967682	4.331040635
ZSCAN5B	s_64941	GGCCTGTCCCCGGATGCATC	7.484684796	8.707965535	8.008822595	5.156309424	9.126046978	8.925590966	8.030293321	2.466864901	1.353292189
