ABCC5	s_210	AGATCCACACAACCCTTCGC	27.4190862	23.19894074	27.16963257	31.15535135	30.37366162	36.71895295	30.89649988	561.6357651	634.3014832
ACAA2	s_500	TTCTTCAGATGCTATATATT	22.61561599	19.44773085	15.06806837	16.74091654	22.71386324	16.3491083	11.43892039	2.877587073	2.917871881
ACE	s_596	CCAGTTTTACCCGAAATACG	16.01084443	10.40371795	9.924903592	13.6457925	8.926226151	9.033178173	9.024476215	1.762769748	1.403762501
ADH6	s_1246	TCCATACAGGTTGTGGCCAC	18.5326663	26.12796764	34.02718561	28.14865943	24.71207151	25.67333296	21.09669707	3.816380609	3.927278134
AP3B2	s_2825	CACCAGGCATGATGACCTGA	8.445378839	10.76342301	11.03421364	12.496175	11.79032468	11.72285837	10.44473749	2.173491921	1.353292189
ATG13	s_4147	GACTGTCCAAGTGATTGTCC	38.70724122	38.56348537	43.85970652	33.27772212	44.29451259	64.72748935	56.88728125	2628.037688	2916.2662
BARD1	s_4965	TCACATCCTCCTAAACACAC	20.93440141	3.877640466	4.52962289	2.1496175	4.796595719	5.913149151	3.627483362	1.29337298	1.252351563
BCL2L1	s_5169	TGGTGAGTCGGATCGCAGCT	10.60694044	14.5146329	17.13541892	19.12858366	16.65263147	8.961453368	11.22588119	1.645420556	2.362698442
C16orf92	s_6692	TGTGGCCATGGGTGCTGGTG	11.56763448	13.43551773	10.58040499	15.14913846	8.193549784	9.535251809	12.0070249	2.173491921	1.555173439
C3orf23	s_7809	GCAGTACATCCAGATTTCTT	16.73136497	13.22997198	14.11002788	16.65248443	11.65711079	8.136618109	10.37372443	1.88011894	2.362698442
CHN1	s_11743	TAGGCATCATATGTAATGAG	9.285986128	9.273216341	11.1854832	6.305926924	9.525688633	7.742131681	8.740423959	1.528071364	1.252351563
CLCF1	s_12088	GTGCCAGCTCTCAATCGCAC	14.56980337	9.324602778	8.916439909	10.19694	9.72550946	5.984873956	7.604214938	1.117349192	1.656114065
CTBP2	s_14075	CTGTGACGCGCAGTCGACGC	1.960694044	22.68507637	27.27047894	16.38718808	13.85513989	25.38643374	21.2387232	8.451673696	9.983715653
CTDP1	s_14120	CAGCACCGAGCCGATGCGCA	26.69856567	8.194101166	10.63082817	2.857074423	10.19175806	8.746278953	7.320162682	1.528071364	1.403762501
CUL3	s_14312	CTTACCTGGATATAGTCAAC	22.8557895	26.23074052	34.22887835	34.60420385	28.64188111	186.2293092	176.0472024	3444.318668	3309.228054
CXorf56	s_14507	ATGGTAATTACCTTCTTAGG	22.13526896	15.07988371	14.6646829	12.93833558	12.85603575	10.8262983	11.50993345	2.525539497	1.807525002
DCLRE1B	s_15188	TTTGGAACCATCCTCTACAC	20.09379412	8.502419787	9.824057224	7.455544424	6.794803992	10.8621607	8.38535864	1.938793536	1.252351563
DEFB4B	s_15612	ATATTTCTGATGCCTCTTCC	10.48685368	9.684307836	8.462631252	10.28537212	7.527480359	9.96560064	9.663593789	1.410722172	1.353292189
DEPDC5	s_15686	GACTTGACCTGCAAAAGCAG	46.51288033	44.62708493	44.31351517	46.10037885	39.56541967	95.06708192	69.7406458	1527.47829	2165.67171
DIAPH2	s_15959	AAAGATCGTTCATCATATAA	13.36893581	7.217758865	7.907976227	6.57122327	9.059440035	6.164185969	5.118757703	1.762769748	1.050470313
DMRT3	s_16259	ACACCGGGCCGCCCATGTAC	7.484684796	12.04808393	10.88294409	17.97896616	10.52479277	31.8058038	28.97914716	3599.160927	2368.007193
EPS8L1	s_18525	CTCACCCATTGACAGCGACC	10.48685368	9.427375652	6.344857518	10.63910058	3.73088464	29.33129802	21.52277545	1625.52354	1956.623675
EXO1	s_18940	TGTGCAAGCCATAATTACAG	26.57847892	9.478762088	9.420671751	3.918259808	10.92443442	6.702122007	8.030293321	2.349515709	1.454232814
FAM63A	s_20060	ACTTCAGCTTAATTTTCAGC	37.50637366	23.96973729	25.1527052	29.20984481	22.78047018	23.98780004	24.22127188	4.637824954	4.532921886
FMNL3	s_21264	CCTTACCTGATAGTTCATGA	33.06316371	25.04885247	22.53069963	23.90391789	32.57169072	19.86362375	15.98375647	4.168428186	3.775867196
FRMPD1	s_21630	ATCTTTACTGTGTGTCGCAC	14.32962986	16.72424969	10.68125135	12.496175	11.79032468	6.917296422	10.44473749	2.584214093	1.454232814
GPBP1L1	s_23534	AATGGTCCCCTACGAACTGC	13.84928284	15.07988371	13.20241056	8.693594039	10.99104137	10.28836226	10.51575056	2.466864901	1.403762501
GPR87	s_23890	AAGCATTGATCGCTATCTGA	16.13093119	7.063599554	8.815593541	9.84321154	12.12335939	8.746278953	5.899901405	1.58674596	1.656114065
GTF2A2	s_24384	GCACTTACTTTTACCATCAC	15.77067092	14.30908716	12.04267733	11.43498962	11.39068302	13.5877033	10.2316983	18.25033123	459.5732608
HFE2	s_25202	CGATGCCATGTACCGCCGAA	10.72702719	13.43551773	12.49648598	11.25812539	12.58960798	8.315930122	8.669410896	1.528071364	2.059876566
HRAS	s_26054	TGATGGGGAGACGTGCCTGT	19.01301332	24.58637454	31.60687277	26.73374558	30.30705467	21.51329426	25.71254622	4.813848742	3.018812506
IFRD1	s_26750	GATCGCTATAACCACTGCAA	14.56980337	5.624779321	4.479199705	5.510037885	7.061231762	4.012441815	7.107123491	1.469396768	1.151410938
IL5	s_27339	TAACTTACATTTTTATGTAC	24.29683056	10.35233152	14.11002788	7.986137116	18.51762586	9.104902979	11.86499877	3.229634649	1.75705469
IRAK1	s_27822	CCCGCCCCGCTTCCGTCCCC	57.32068832	18.8310936	18.74896082	27.9717952	18.85066057	13.73115291	15.48666502	2.877587073	3.775867196
KHK	s_29058	AAGTCTGTAGCAGACACATC	24.77717758	27.30985569	32.4640669	24.78823904	32.63829766	44.25005749	39.20502835	1756.133191	1962.32682
LACRT	s_30380	ATCAGCACCCGTCGAGTCAG	12.64841528	11.94531106	10.93336727	13.02676769	13.72192601	8.244205317	10.16068524	1.528071364	1.706584377
LATS1	s_30567	GATACACACAGTTGTGTGAT	9.165899372	18.67693429	16.42949435	19.83604058	24.44564374	15.30909862	14.13741681	2.290841113	2.261757816
LCLAT1	s_30647	GGTGCTTACCTTCTCTTAGA	14.44971661	7.269145302	7.050782096	7.72084077	15.05406486	6.020736358	6.965097363	1.469396768	1.201881251
LGALS4	s_30886	GATGGCCTATGTCCCCGCAC	16.25101795	16.72424969	13.00071782	10.37380423	8.926226151	24.34642407	26.42267686	1382.552038	1447.479161
LIAS	s_31003	AAGGAGCTTAACGGTCTGAC	22.01518221	24.43221523	23.74085605	24.43451058	24.71207151	36.71895295	34.23411388	1215.857511	13.01193441
LPHN2	s_31410	GTGTTTCCTGATCCATGTCC	17.09162523	18.52277498	17.5388044	14.97227423	16.11977593	14.66357538	16.69388711	2.936261669	2.160817191
LRR1	s_31599	CACGAACCATATTACATAAT	18.5326663	10.6092637	11.23590638	5.775334231	7.860515071	10.93388551	9.30852847	2.173491921	1.504703127
MAGEA11	s_32373	ATGGGGCTCTTTCTGTTGAC	1.120086755	13.48690417	11.23590638	12.31931077	12.32318022	9.642839017	7.604214938	3.816380609	2.261757816
MAP2K6	s_32615	ACTTACGTGGAACTGGTCTG	9.165899372	12.61333474	12.39563961	13.55736039	13.38889129	20.29397258	22.65898447	744.7005047	706.7768522
MASTL	s_32933	CCAGTGCATCTCTCTCAGCT	53.35782539	15.43958877	15.26976111	6.748087501	18.65083975	14.08977693	20.17352724	3.288309245	2.564579692
MCL1	s_33152	GTATCACAGACGTTCTCGTA	13.84928284	10.81480945	8.008822595	8.074569232	7.061231762	5.088313892	4.053561745	1.176023788	1.201881251
MCL1	s_33153	TTCCATGTAGAGGACCTAGA	10.36676693	7.269145302	8.109668963	4.537284616	11.25746914	2.25518409	2.917352724	1.234698384	1.100940625
METTL6	s_33652	TCTGACTAAAGATGATCTTC	20.21388088	21.04071039	25.35439794	21.78154712	22.98029101	17.49670518	16.48084792	3.933729801	2.615050005
MGAT5B	s_33821	ATGATCACCGTCAACCCCGA	16.13093119	9.838467147	10.27786588	7.455544424	8.726405323	6.594534799	6.965097363	1.352047576	1
MRPS10	s_34808	CAGAAGCAAGCCACCATTTT	16.25101795	17.44365981	22.12731415	27.26433827	18.98387446	15.59599784	19.53440966	2.701563285	2.261757816
MSH2	s_35002	GGTTCTGTTGAAGATACCAC	19.37327359	7.783009671	10.02574996	7.367112309	14.58781626	8.029030902	8.314345576	1.821444344	1.908465628
MSRB3	s_35086	TACACACATCACAAAGATCC	24.53700407	8.194101166	9.521518119	9.312618847	5.196237374	9.355939796	8.101306385	2.056142729	1.807525002
NF2	s_36796	AAACATCTCGTACAGTGACA	81.0978659	146.1666842	134.3188989	223.3183381	196.1583414	590.7930725	650.4854819	16788.44734	15475.60162
NF2	s_36798	CCTGGCTTCTTACGCCGTCC	109.1981667	298.681629	241.972397	464.2074204	346.0239618	1083.93697	1191.320976	60474.85252	58323.93813
NUDCD2	s_38225	GATTATGTCGGCCCCGTTTG	12.64841528	14.77156509	11.58886867	17.27150923	8.326763669	11.07733512	11.65195958	1.821444344	1.555173439
NVL	s_38439	GCTCATACACATGCGTCACC	71.97127249	31.72908927	28.53105854	20.10133693	25.24492705	30.80165653	35.44133597	6.046015259	6.70314533
OSBPL10	s_39627	TCTGTGCAGGTACTTCGTAC	28.25969349	23.50725936	21.0180041	18.95171943	17.18548701	17.03049394	18.39820064	3.757706013	2.867401568
PHF12	s_41618	CAAGTCGTACACGATCGTCT	26.21821865	16.98118188	17.94218987	13.82265673	28.3088464	16.4208331	13.85336456	2.701563285	1.807525002
POP5	s_43178	CCTGTGCTTGAACCGCACCA	27.4190862	3.055457476	3.974967864	2.414913846	4.063919352	5.949011553	4.621666256	1.762769748	1.151410938
PPP1CB	s_43512	TCAGTACGAGGATGTCGTCC	13.72919608	13.89799566	11.99225414	5.156309424	8.926226151	8.782141356	9.166502342	1.938793536	1.605643752
PPY	s_43770	CACCTGGGGACAGCAGCATG	15.17023715	11.73976531	14.41256698	10.72753269	9.99193723	10.39594947	12.85918166	1.762769748	1.403762501
PQLC1	s_43782	CGTTGAGCTCGTTGGCCACA	5.683383464	42.41746814	44.31351517	34.16204327	52.62038039	65.80336143	24.5763372	33.21235322	22.5508235
RGS7	s_47123	AAGCTTTTGACCGTACGAAT	16.73136497	10.45510439	9.824057224	10.19694	8.326763669	14.30495135	7.604214938	1.528071364	2.211287504
RPP25	s_48236	ACGCGCGCCATCGTCTTCAG	17.33179874	14.87433796	15.26976111	18.2442625	14.12156766	12.08148239	11.43892039	3.523007629	1.403762501
RSPH3	s_48532	TCAACTTCATTCATTAGCCA	14.68989012	10.71203657	10.5299818	10.99282904	7.927122014	11.40009674	10.37372443	2.349515709	1.403762501
S100A8	s_48850	CCACAAGTACTCCCTGATAA	12.52832853	9.375989215	7.857553043	7.72084077	8.459977553	6.989021228	7.817254129	1.29337298	1.605643752
SCN2A	s_49328	ACAGCTTCCGCTTCTTTACC	3.041474843	34.40118398	36.80046074	40.97131616	42.62933903	18.75188927	15.62869115	20.65598967	14.1727516
SCN2A	s_49329	GTAAAGAAGCGGAAGCTGTC	1.840607288	18.93386648	15.87483932	21.86997923	16.58602453	9.893875835	5.828888342	6.456737431	6.854556268
SETD2	s_50109	TTTTCTCTGAAACCGTCTAT	12.52832853	11.43144669	11.4880223	5.244741539	10.258365	8.064893304	10.30271136	1.88011894	1.504703127
SLC17A7	s_51135	AATAACAGCACGACCCACCG	16.01084443	13.38413129	12.59733235	12.05401442	14.52120932	9.96560064	9.663593789	2.173491921	2.110346878
SLC26A11	s_51501	GCCCGCCTACGCTGTGCTGC	29.22038754	35.58307203	35.99368979	29.29827693	34.70311288	49.37838105	53.97574563	923.9513955	790.6080415
SLC2A14	s_51591	CATCTATGCCACCATCAGCG	7.004337774	12.66472118	10.78209772	7.543976539	6.594983165	6.666259604	6.965097363	1.469396768	1
SMARCA2	s_52499	CTCCCATCCTATGCCGACGA	30.78151536	22.01705269	23.84170241	14.88384212	16.8524523	17.03049394	21.45176239	3.112285457	3.523515633
SP8	s_53219	GGCGTCACTCTAGGCCGTTG	19.85362061	18.93386648	22.17773734	10.81596481	16.11977593	22.73261595	20.31555337	3.170960053	2.564579692
SPATS2	s_53406	AGAGTGCATAGTCAAAGACT	19.49336034	13.02442623	17.74049713	13.91108885	12.9226427	10.14491265	11.93601183	2.114817325	2.564579692
SPIRE1	s_53589	TTCACAATGTATGGAAACAG	12.88858879	9.221829904	9.269402198	10.28537212	9.325867805	8.136618109	7.888267193	2.114817325	1.100940625
SRFBP1	s_53842	TTCATCTACCATGGCTCAGC	16.73136497	7.320531739	6.143164782	3.387667116	6.594983165	5.088313892	7.46218881	1.234698384	1.605643752
SRMS	s_53867	CTTCGGCGTCCTGCTGCACG	14.56980337	21.29764258	20.36250271	23.55018943	22.04779381	17.42498037	15.20261277	3.405658437	2.211287504
TAF1B	s_55242	CTCAGTGTGCTGCTGTCTCA	20.81431465	32.65404513	31.25391048	37.96462424	40.6977377	28.68577478	25.71254622	5.57661849	2.51410938
TCF23	s_55817	ACCGTGCTTTGGCCTGAGTC	11.56763448	16.878409	14.31172061	19.12858366	14.58781626	13.94632732	12.50411634	2.818912477	1.75705469
TCN2	s_55899	TCGGAGACAACGGATCACCA	3.64190862	25.10023891	20.61461863	27.4412025	21.31511744	37.14930178	13.07222085	24.23514003	15.08121723
TCP1	s_55904	ACAGGCAGAAGAAGTGGTAC	20.57414114	4.545664146	7.655860306	2.591778077	4.197133237	24.41814887	30.39940843	1686.779819	845.3178604
TECTB	s_56042	CACCTACCACTCCACCTACT	20.81431465	14.20631428	17.74049713	12.14244654	17.11888007	13.04976726	14.98957358	2.584214093	2.463639067
TIRAP	s_56729	CATCGACGTAGTACATGAAT	40.62862931	27.66956075	36.80046074	26.02628866	31.17294493	21.72846868	19.17934434	6.222039047	2.413168754
TRIM37	s_58913	GAGAACTAGTAAATTGTCGT	22.01518221	17.8547513	20.715465	17.62523769	19.0504814	15.63186024	14.13741681	3.464333033	2.665520318
TSHZ1	s_59338	CAGTGCCGCGTACGACACGC	15.65058417	18.72832073	16.68161027	17.35994135	17.71834255	48.19492177	37.21666256	2020.227548	1233.535505
TTC7A	s_59635	ATGCCATCAGCATGTACGCA	1.960694044	15.54236164	12.24437006	19.39388	12.9226427	20.36569738	7.320162682	8.627697484	9.832304715
VPS26A	s_61356	AAACACTATCTCTTCTATGA	19.37327359	7.012213117	8.160092147	8.605161924	9.126046978	7.706269279	6.53901898	1.997468133	1.353292189
XRCC4	s_62320	TTTGTTATTACACTTACTGA	33.903771	15.79929383	15.77399295	16.82934866	10.79122054	21.9436431	17.61705694	1050.747198	735.5449304
ZC3H12A	s_62716	CTCACTCCCGTACGTCTCCC	23.81648354	24.5349881	25.8082066	22.57743616	19.84976471	17.67601719	21.2387232	3.757706013	3.47304532
ZNF268	s_63580	ACCTGATATCATCTTCAAGT	13.24884906	5.727552195	7.10120528	6.748087501	4.929809604	5.303488307	4.976731575	1.234698384	1.252351563
ZNF333	s_63704	CAAGCATCCTGTATTTGCAC	19.73353385	11.73976531	10.93336727	14.53011366	8.260156726	10.28836226	7.036110427	2.056142729	1.95893594
ZNF732	s_64565	TATCCTCACCCAGGGAGATC	2.681214577	4.751209894	6.294434334	7.72084077	4.663381834	7.060746033	5.828888342	78.86118893	119.4033535
ZNF772	s_64628	CTTTGCACTTATGGCCTCTC	1.840607288	5.059528515	5.487663388	4.537284616	8.793012266	6.415222787	5.260783831	31.21741696	28.05208758
ZP1	s_64856	ACCAGCTCATCTATGAGAAC	7.484684796	14.00076854	7.655860306	15.50286692	6.395162338	64.51231493	46.3773478	5006.940509	6614.074597
